<?xml version="1.0" encoding="UTF-8"?>
<Configuration status="WARN" monitorInterval="30">
    <Properties>
        <Property name="artifactId">urpg-server</Property>
        <Property name="defaultLogPath">/home/ec2-user/logs/${artifactId}</Property>
        <Property name="filePath">${sys:logPathProperty:-${defaultLogPath}}</Property>
        <Property name="LOG_PATTERN">
            %d{yyyy-MM-dd HH:mm:ss.SSS} %5p ${hostName} --- [%15.15t] %-40.40c{1.} : %m%n%ex
        </Property>
    </Properties>
    <Appenders>
        <RollingFile
                name="FileAppender"
                fileName="${filePath}/${artifactId}.log"
                filePattern="${filePath}/${artifactId}.log.%i.gz"
                ignoreExceptions="false">
            <PatternLayout pattern="${LOG_PATTERN}"/>
            <Policies>
                <OnStartupTriggeringPolicy />
                <SizeBasedTriggeringPolicy size="10 MB" />
            </Policies>
        </RollingFile>
    </Appenders>
    <Loggers>
        <Logger name="com.pokemonurpg" level="debug" additivity="false">
            <AppenderRef ref="FileAppender" />
        </Logger>

        <Root level="info">
            <AppenderRef ref="FileAppender" />
        </Root>
    </Loggers>
</Configuration>